"Дата","Цена","Откр.","Макс.","Мин.","Объём","Изм. %"
"07.12.2018","2.510,0","2.570,0","2.577,0","2.494,0","52,17K","-1,95%"
"06.12.2018","2.560,0","2.580,0","2.580,0","2.540,0","12,71K","-0,66%"
"05.12.2018","2.577,0","2.554,0","2.581,0","2.535,0","20,58K","0,39%"
"04.12.2018","2.567,0","2.594,0","2.599,0","2.552,0","32,18K","-0,85%"
"03.12.2018","2.589,0","2.588,0","2.597,0","2.568,0","18,67K","-0,15%"
"30.11.2018","2.593,0","2.582,0","2.623,0","2.532,0","42,59K","-0,19%"
"29.11.2018","2.598,0","2.596,0","2.639,0","2.584,0","47,48K","0,50%"
"28.11.2018","2.585,0","2.544,0","2.599,0","2.537,0","42,28K","1,41%"
"27.11.2018","2.549,0","2.489,0","2.564,0","2.488,0","55,52K","2,49%"
"26.11.2018","2.487,0","2.483,0","2.518,0","2.433,0","70,40K","0,16%"
"23.11.2018","2.483,0","2.460,0","2.485,0","2.442,0","33,75K","1,35%"
"22.11.2018","2.450,0","2.473,0","2.473,0","2.445,0","35,48K","-0,33%"
"21.11.2018","2.458,0","2.490,0","2.533,0","2.363,0","124,13K","-0,81%"
"20.11.2018","2.478,0","2.487,0","2.530,0","2.473,0","74,08K","-0,76%"
"19.11.2018","2.497,0","2.514,0","2.517,0","2.483,0","27,09K","-0,12%"
"16.11.2018","2.500,0","2.505,0","2.520,0","2.470,0","26,03K","0,32%"
"15.11.2018","2.492,0","2.503,0","2.523,0","2.490,0","14,36K","-0,80%"
"14.11.2018","2.512,0","2.505,0","2.522,0","2.475,0","38,36K","0,32%"
"13.11.2018","2.504,0","2.471,0","2.533,0","2.468,0","26,38K","1,34%"
"12.11.2018","2.471,0","2.510,0","2.522,0","2.464,0","32,00K","-0,84%"
"09.11.2018","2.492,0","2.510,0","2.520,0","2.477,0","22,29K","-1,11%"
"08.11.2018","2.520,0","2.540,0","2.552,0","2.510,0","12,98K","-0,47%"
"07.11.2018","2.532,0","2.518,0","2.542,0","2.475,0","23,06K","0,20%"
"06.11.2018","2.527,0","2.500,0","2.541,0","2.500,0","26,00K","0,72%"
"02.11.2018","2.509,0","2.478,0","2.539,0","2.478,0","17,67K","1,17%"
"01.11.2018","2.480,0","2.460,0","2.496,0","2.424,0","28,12K","0,40%"
"31.10.2018","2.470,0","2.404,0","2.475,0","2.404,0","39,12K","3,35%"
"30.10.2018","2.390,0","2.425,0","2.439,0","2.370,0","26,24K","-1,40%"
"29.10.2018","2.424,0","2.391,0","2.434,0","2.370,0","12,74K","1,38%"
"26.10.2018","2.391,0","2.424,0","2.427,0","2.365,0","33,93K","-0,87%"
"25.10.2018","2.412,0","2.400,0","2.428,0","2.373,0","36,62K","-0,58%"
"24.10.2018","2.426,0","2.429,0","2.470,0","2.402,0","63,50K","-0,61%"
"23.10.2018","2.441,0","2.410,0","2.444,0","2.372,0","44,67K","0,95%"
"22.10.2018","2.418,0","2.436,0","2.474,0","2.410,0","27,35K","-0,74%"
"19.10.2018","2.436,0","2.462,0","2.481,0","2.419,0","45,29K","-0,53%"
"18.10.2018","2.449,0","2.450,0","2.492,0","2.430,0","44,93K","0,12%"
"17.10.2018","2.446,0","2.495,0","2.533,0","2.425,0","31,75K","-1,09%"
"16.10.2018","2.473,0","2.469,0","2.499,0","2.446,0","31,57K","0,65%"
"15.10.2018","2.457,0","2.475,0","2.475,0","2.427,0","8,31K","-0,24%"
"12.10.2018","2.463,0","2.475,0","2.493,0","2.455,0","14,80K","0,82%"
"11.10.2018","2.443,0","2.448,0","2.465,0","2.368,0","57,01K","-2,01%"
"10.10.2018","2.493,0","2.554,0","2.571,0","2.472,0","64,42K","-2,43%"
"09.10.2018","2.555,0","2.625,0","2.640,0","2.552,0","34,81K","-2,29%"
"08.10.2018","2.615,0","2.648,0","2.666,0","2.588,0","23,98K","-0,57%"
"05.10.2018","2.630,0","2.670,0","2.689,0","2.621,0","18,17K","-1,02%"
"04.10.2018","2.657,0","2.621,0","2.670,0","2.586,0","58,24K","1,30%"
"03.10.2018","2.623,0","2.566,0","2.637,0","2.538,0","64,08K","3,02%"
"02.10.2018","2.546,0","2.560,0","2.589,0","2.543,0","17,81K","-0,16%"
"01.10.2018","2.550,0","2.525,0","2.575,0","2.512,0","29,66K","1,31%"
"28.09.2018","2.517,0","2.530,0","2.536,0","2.481,0","29,84K","-0,32%"
"27.09.2018","2.525,0","2.520,0","2.555,0","2.511,0","19,99K","-0,16%"
"26.09.2018","2.529,0","2.558,0","2.589,0","2.513,0","42,52K","-0,75%"
"25.09.2018","2.548,0","2.579,0","2.600,0","2.541,0","32,92K","-0,97%"
"24.09.2018","2.573,0","2.622,0","2.647,0","2.556,0","49,52K","-1,15%"
"21.09.2018","2.603,0","2.689,0","2.704,0","2.603,0","165,89K","-3,23%"
"20.09.2018","2.690,0","2.638,0","2.720,0","2.629,0","151,82K","1,97%"
"19.09.2018","2.638,0","2.654,0","2.668,0","2.622,0","35,66K","-0,45%"
"18.09.2018","2.650,0","2.673,0","2.703,0","2.627,0","110,71K","-0,04%"
"17.09.2018","2.651,0","2.665,0","2.668,0","2.610,0","27,89K","0,08%"
"14.09.2018","2.649,0","2.614,0","2.668,0","2.595,0","31,50K","1,69%"
"13.09.2018","2.605,0","2.659,0","2.671,0","2.600,0","30,14K","-2,03%"
"12.09.2018","2.659,0","2.690,0","2.706,0","2.650,0","27,15K","-1,12%"
"11.09.2018","2.689,0","2.703,0","2.733,0","2.650,0","69,83K","-0,70%"
"10.09.2018","2.708,0","2.639,0","2.710,0","2.612,0","74,15K","2,61%"
"07.09.2018","2.639,0","2.585,0","2.673,0","2.569,0","67,60K","2,09%"
"06.09.2018","2.585,0","2.591,0","2.593,0","2.541,0","49,54K","-0,15%"
"05.09.2018","2.589,0","2.569,0","2.591,0","2.556,0","44,91K","0,23%"
"04.09.2018","2.583,0","2.567,0","2.612,0","2.562,0","44,55K","-0,62%"
"03.09.2018","2.599,0","2.610,0","2.619,0","2.561,0","35,93K","-0,38%"
"31.08.2018","2.609,0","2.642,0","2.642,0","2.540,0","46,44K","-1,55%"
"30.08.2018","2.650,0","2.638,0","2.683,0","2.603,0","43,27K","0,38%"
"29.08.2018","2.640,0","2.544,0","2.640,0","2.535,0","61,43K","4,31%"
"28.08.2018","2.531,0","2.470,0","2.536,0","2.463,0","65,85K","2,47%"
"27.08.2018","2.470,0","2.400,0","2.508,0","2.387,0","100,82K","1,86%"
"24.08.2018","2.425,0","2.414,0","2.460,0","2.409,0","48,51K","0,54%"
"23.08.2018","2.412,0","2.385,0","2.447,0","2.371,0","46,17K","2,20%"
"22.08.2018","2.360,0","2.380,0","2.414,0","2.350,0","27,59K","-0,59%"
"21.08.2018","2.374,0","2.347,0","2.405,0","2.334,0","32,69K","1,15%"
"20.08.2018","2.347,0","2.330,0","2.354,0","2.330,0","17,35K","0,95%"
"17.08.2018","2.325,0","2.329,0","2.335,0","2.304,0","12,29K","0,26%"
"16.08.2018","2.319,0","2.317,0","2.337,0","2.314,0","13,80K","0,22%"
"15.08.2018","2.314,0","2.273,0","2.337,0","2.264,0","43,83K","1,89%"
"14.08.2018","2.271,0","2.290,0","2.290,0","2.261,0","16,37K","-0,48%"
"13.08.2018","2.282,0","2.273,0","2.290,0","2.255,0","29,07K","-0,70%"
"10.08.2018","2.298,0","2.279,0","2.300,0","2.245,0","34,50K","-0,17%"
"09.08.2018","2.302,0","2.299,0","2.323,0","2.264,0","36,31K","0,39%"
"08.08.2018","2.293,0","2.265,0","2.300,0","2.260,0","23,45K","1,33%"
"07.08.2018","2.263,0","2.290,0","2.290,0","2.261,0","14,23K","-0,75%"
"06.08.2018","2.280,0","2.299,0","2.310,0","2.265,0","14,49K","-0,35%"
"03.08.2018","2.288,0","2.280,0","2.310,0","2.276,0","12,85K","-0,09%"
"02.08.2018","2.290,0","2.281,0","2.303,0","2.277,0","12,48K","-0,13%"
"01.08.2018","2.293,0","2.294,0","2.304,0","2.271,0","11,35K","0,39%"
"31.07.2018","2.284,0","2.277,0","2.295,0","2.257,0","17,15K","0,53%"
"30.07.2018","2.272,0","2.265,0","2.277,0","2.253,0","17,47K","0,44%"
"27.07.2018","2.262,0","2.278,0","2.285,0","2.258,0","30,46K","-0,18%"
"26.07.2018","2.266,0","2.279,0","2.288,0","2.261,0","19,74K","-0,44%"
"25.07.2018","2.276,0","2.290,0","2.302,0","2.270,0","15,99K","-0,44%"
"24.07.2018","2.286,0","2.294,0","2.315,0","2.281,0","15,93K","-0,74%"
"23.07.2018","2.303,0","2.291,0","2.337,0","2.291,0","16,12K","0,13%"
"20.07.2018","2.300,0","2.311,0","2.368,0","2.286,0","31,83K","-1,20%"
"19.07.2018","2.328,0","2.333,0","2.363,0","2.315,0","39,79K","-0,64%"
"18.07.2018","2.343,0","2.331,0","2.367,0","2.331,0","21,22K","1,08%"
"17.07.2018","2.318,0","2.310,0","2.342,0","2.285,0","22,22K","0,35%"
"16.07.2018","2.310,0","2.318,0","2.335,0","2.295,0","18,82K","-0,69%"
"13.07.2018","2.326,0","2.309,0","2.335,0","2.291,0","23,25K","1,57%"
"12.07.2018","2.290,0","2.315,0","2.321,0","2.277,0","15,84K","-1,51%"
"11.07.2018","2.325,0","2.345,0","2.393,0","2.282,0","50,55K","-1,02%"
"10.07.2018","2.349,0","2.363,0","2.390,0","2.347,0","15,47K","-0,42%"
"09.07.2018","2.359,0","2.320,0","2.372,0","2.316,0","29,58K","1,68%"
"06.07.2018","2.320,0","2.277,0","2.346,0","2.268,0","31,91K","1,89%"
"05.07.2018","2.277,0","2.275,0","2.291,0","2.267,0","11,59K","0,40%"
"04.07.2018","2.268,0","2.272,0","2.293,0","2.266,0","8,79K","-0,18%"
"03.07.2018","2.272,0","2.282,0","2.289,0","2.260,0","11,80K","-0,79%"
"02.07.2018","2.290,0","2.275,0","2.290,0","2.271,0","12,22K","0,88%"
"29.06.2018","2.270,0","2.284,0","2.291,0","2.264,0","13,25K","-0,44%"
"28.06.2018","2.280,0","2.269,0","2.292,0","2.257,0","17,78K","0,71%"
"27.06.2018","2.264,0","2.300,0","2.304,0","2.250,0","33,90K","-1,26%"
"26.06.2018","2.293,0","2.308,0","2.333,0","2.271,0","17,21K","-0,43%"
"25.06.2018","2.303,0","2.312,0","2.336,0","2.288,0","19,17K","0,52%"
"22.06.2018","2.291,0","2.280,0","2.316,0","2.269,0","28,64K","0,22%"
"21.06.2018","2.286,0","2.288,0","2.298,0","2.270,0","22,20K","0,04%"
"20.06.2018","2.285,0","2.308,0","2.330,0","2.262,0","32,65K","-1,30%"
"19.06.2018","2.315,0","2.297,0","2.315,0","2.263,0","39,35K","0,87%"
"18.06.2018","2.295,0","2.299,0","2.299,0","2.259,0","30,68K","-0,04%"
"15.06.2018","2.296,0","2.292,0","2.332,0","2.291,0","40,57K","-0,09%"
"14.06.2018","2.298,0","2.314,0","2.323,0","2.288,0","35,91K","-1,03%"
"13.06.2018","2.322,0","2.315,0","2.333,0","2.310,0","13,89K","0,30%"
"11.06.2018","2.315,0","2.294,0","2.315,0","2.288,0","6,16K","0,65%"
"09.06.2018","2.300,0","2.313,0","2.316,0","2.291,0","4,44K","0,00%"
"08.06.2018","2.300,0","2.302,0","2.316,0","2.289,0","61,70K","-0,26%"
"07.06.2018","2.306,0","2.319,0","2.322,0","2.266,0","19,13K","-0,56%"
"06.06.2018","2.319,0","2.317,0","2.338,0","2.303,0","22,49K","-0,39%"
"05.06.2018","2.328,0","2.344,0","2.359,0","2.316,0","20,51K","-0,72%"
"04.06.2018","2.345,0","2.341,0","2.351,0","2.327,0","14,29K","0,60%"
"01.06.2018","2.331,0","2.335,0","2.338,0","2.315,0","8,99K","0,39%"
"31.05.2018","2.322,0","2.333,0","2.360,0","2.302,0","26,58K","0,09%"
"30.05.2018","2.320,0","2.351,0","2.445,0","2.320,0","89,93K","-1,15%"
"29.05.2018","2.347,0","2.373,0","2.382,0","2.336,0","37,11K","-0,97%"
"28.05.2018","2.370,0","2.350,0","2.375,0","2.338,0","16,96K","1,76%"
"25.05.2018","2.329,0","2.325,0","2.353,0","2.301,0","40,60K","-0,13%"
"24.05.2018","2.332,0","2.307,0","2.332,0","2.286,0","24,13K","1,35%"
"23.05.2018","2.301,0","2.314,0","2.316,0","2.269,0","60,05K","-0,52%"
"22.05.2018","2.313,0","2.413,0","2.413,0","2.271,0","118,20K","-3,87%"
"21.05.2018","2.406,0","2.418,0","2.433,0","2.393,0","25,00K","-0,17%"
"18.05.2018","2.410,0","2.414,0","2.422,0","2.403,0","22,47K","-0,54%"
"17.05.2018","2.423,0","2.412,0","2.437,0","2.401,0","20,84K","0,12%"
"16.05.2018","2.420,0","2.428,0","2.466,0","2.402,0","25,47K","-0,29%"
"15.05.2018","2.427,0","2.442,0","2.461,0","2.417,0","14,68K","-0,98%"
"14.05.2018","2.451,0","2.455,0","2.471,0","2.419,0","15,02K","0,86%"
"11.05.2018","2.430,0","2.457,0","2.486,0","2.430,0","11,00K","-0,65%"
"10.05.2018","2.446,0","2.481,0","2.505,0","2.446,0","36,37K","-1,65%"
"08.05.2018","2.487,0","2.475,0","2.488,0","2.430,0","18,13K","0,48%"
"07.05.2018","2.475,0","2.483,0","2.500,0","2.473,0","11,55K","-0,60%"
"04.05.2018","2.490,0","2.495,0","2.509,0","2.453,0","14,58K","0,57%"
"03.05.2018","2.476,0","2.516,0","2.522,0","2.476,0","7,27K","-1,82%"
"02.05.2018","2.522,0","2.486,0","2.523,0","2.461,0","15,88K","0,88%"
"30.04.2018","2.500,0","2.463,0","2.504,0","2.453,0","12,25K","0,97%"
"27.04.2018","2.476,0","2.468,0","2.478,0","2.442,0","16,77K","0,65%"
"26.04.2018","2.460,0","2.422,0","2.480,0","2.416,0","27,02K","1,57%"
"25.04.2018","2.422,0","2.391,0","2.436,0","2.365,0","11,86K","0,83%"
"24.04.2018","2.402,0","2.437,0","2.444,0","2.383,0","11,23K","-1,60%"
"23.04.2018","2.441,0","2.400,0","2.460,0","2.376,0","24,30K","1,84%"
"20.04.2018","2.397,0","2.363,0","2.398,0","2.359,0","9,54K","0,93%"
"19.04.2018","2.375,0","2.415,0","2.422,0","2.351,0","22,69K","-1,45%"
"18.04.2018","2.410,0","2.426,0","2.462,0","2.385,0","32,12K","-0,86%"
"17.04.2018","2.431,0","2.450,0","2.486,0","2.422,0","37,40K","-0,94%"
"16.04.2018","2.454,0","2.416,0","2.498,0","2.409,0","22,48K","-0,65%"
"13.04.2018","2.470,0","2.448,0","2.479,0","2.425,0","44,79K","2,70%"
"12.04.2018","2.405,0","2.399,0","2.456,0","2.344,0","67,19K","0,63%"
"11.04.2018","2.390,0","2.336,0","2.448,0","2.335,0","93,30K","1,66%"
"10.04.2018","2.351,0","2.250,0","2.394,0","2.217,0","113,43K","3,71%"
"09.04.2018","2.267,0","2.355,0","2.359,0","2.151,0","145,06K","-3,70%"
"06.04.2018","2.354,0","2.348,0","2.382,0","2.341,0","17,73K","0,17%"
"05.04.2018","2.350,0","2.343,0","2.375,0","2.335,0","20,48K","0,38%"
"04.04.2018","2.341,0","2.325,0","2.344,0","2.304,0","26,13K","0,52%"
"03.04.2018","2.329,0","2.344,0","2.349,0","2.318,0","18,01K","-0,64%"
"02.04.2018","2.344,0","2.318,0","2.361,0","2.314,0","8,27K","1,17%"
"30.03.2018","2.317,0","2.337,0","2.361,0","2.311,0","12,15K","-0,90%"
"29.03.2018","2.338,0","2.294,0","2.338,0","2.282,0","18,99K","1,92%"
"28.03.2018","2.294,0","2.259,0","2.297,0","2.250,0","39,25K","1,24%"
"27.03.2018","2.266,0","2.250,0","2.289,0","2.241,0","13,88K","-0,04%"
"26.03.2018","2.267,0","2.285,0","2.300,0","2.232,0","28,15K","-0,18%"
"23.03.2018","2.271,0","2.250,0","2.290,0","2.225,0","35,26K","0,40%"
"22.03.2018","2.262,0","2.300,0","2.300,0","2.241,0","47,66K","-1,65%"
"21.03.2018","2.300,0","2.339,0","2.355,0","2.275,0","56,12K","-1,71%"
"20.03.2018","2.340,0","2.379,0","2.383,0","2.332,0","41,47K","-1,89%"
"19.03.2018","2.385,0","2.376,0","2.389,0","2.338,0","13,65K","1,19%"
"16.03.2018","2.357,0","2.400,0","2.400,0","2.353,0","34,58K","-1,55%"
"15.03.2018","2.394,0","2.400,0","2.408,0","2.351,0","49,69K","-0,33%"
"14.03.2018","2.402,0","2.424,0","2.429,0","2.390,0","22,11K","-1,07%"
"13.03.2018","2.428,0","2.432,0","2.448,0","2.398,0","23,91K","-0,29%"
"12.03.2018","2.435,0","2.437,0","2.465,0","2.427,0","15,93K","-0,20%"
"09.03.2018","2.440,0","2.474,0","2.484,0","2.439,0","10,82K","-2,05%"
"07.03.2018","2.491,0","2.460,0","2.491,0","2.425,0","34,71K","1,30%"
"06.03.2018","2.459,0","2.444,0","2.459,0","2.420,0","19,19K","1,28%"
"05.03.2018","2.428,0","2.398,0","2.456,0","2.398,0","18,61K","0,91%"
"02.03.2018","2.406,0","2.402,0","2.437,0","2.385,0","17,29K","-0,66%"
"01.03.2018","2.422,0","2.399,0","2.427,0","2.385,0","20,59K","1,04%"
"28.02.2018","2.397,0","2.459,0","2.473,0","2.380,0","27,41K","-2,52%"
"27.02.2018","2.459,0","2.499,0","2.503,0","2.338,0","35,64K","-0,85%"
"26.02.2018","2.480,0","2.454,0","2.492,0","2.436,0","29,17K","1,47%"
"22.02.2018","2.444,0","2.451,0","2.458,0","2.433,0","11,74K","-0,81%"
"21.02.2018","2.464,0","2.450,0","2.464,0","2.440,0","14,73K","0,20%"
"20.02.2018","2.459,0","2.482,0","2.489,0","2.450,0","10,30K","-1,44%"
"19.02.2018","2.495,0","2.502,0","2.504,0","2.464,0","12,48K","0,24%"
"16.02.2018","2.489,0","2.469,0","2.514,0","2.469,0","46,68K","1,22%"
"15.02.2018","2.459,0","2.423,0","2.478,0","2.400,0","46,20K","1,78%"
"14.02.2018","2.416,0","2.462,0","2.462,0","2.401,0","29,61K","-1,19%"
"13.02.2018","2.445,0","2.408,0","2.465,0","2.395,0","43,86K","1,66%"
"12.02.2018","2.405,0","2.420,0","2.434,0","2.384,0","21,15K","-0,62%"
"09.02.2018","2.420,0","2.349,0","2.435,0","2.322,0","41,02K","2,76%"
"08.02.2018","2.355,0","2.389,0","2.403,0","2.344,0","27,19K","-0,72%"
"07.02.2018","2.372,0","2.340,0","2.382,0","2.321,0","24,34K","2,20%"
"06.02.2018","2.321,0","2.280,0","2.380,0","2.280,0","49,10K","-2,48%"
"05.02.2018","2.380,0","2.393,0","2.403,0","2.263,0","45,94K","-0,83%"
"02.02.2018","2.400,0","2.465,0","2.475,0","2.383,0","42,29K","-2,64%"
"01.02.2018","2.465,0","2.453,0","2.473,0","2.451,0","17,36K","0,61%"
"31.01.2018","2.450,0","2.489,0","2.489,0","2.446,0","15,25K","-0,81%"
"30.01.2018","2.470,0","2.473,0","2.501,0","2.447,0","15,52K","-0,52%"
"29.01.2018","2.483,0","2.480,0","2.500,0","2.463,0","14,72K","-0,32%"
"26.01.2018","2.491,0","2.508,0","2.537,0","2.469,0","21,74K","-0,56%"
"25.01.2018","2.505,0","2.530,0","2.543,0","2.502,0","21,29K","-0,99%"
"24.01.2018","2.530,0","2.545,0","2.559,0","2.526,0","18,13K","-0,51%"
"23.01.2018","2.543,0","2.555,0","2.574,0","2.543,0","32,35K","-0,82%"
"22.01.2018","2.564,0","2.547,0","2.564,0","2.537,0","32,06K","0,67%"
"19.01.2018","2.547,0","2.522,0","2.550,0","2.511,0","18,52K","0,47%"
"18.01.2018","2.535,0","2.548,0","2.557,0","2.502,0","37,75K","-0,20%"
"17.01.2018","2.540,0","2.539,0","2.549,0","2.501,0","33,78K","0,04%"
"16.01.2018","2.539,0","2.544,0","2.544,0","2.515,0","31,30K","0,04%"
"15.01.2018","2.538,0","2.552,0","2.564,0","2.516,0","18,35K","-0,24%"
"12.01.2018","2.544,0","2.538,0","2.563,0","2.524,0","23,29K","0,08%"
"11.01.2018","2.542,0","2.542,0","2.550,0","2.515,0","32,37K","0,47%"
"10.01.2018","2.530,0","2.511,0","2.547,0","2.500,0","20,78K","0,44%"
"09.01.2018","2.519,0","2.504,0","2.527,0","2.489,0","24,81K","1,00%"
"05.01.2018","2.494,0","2.496,0","2.505,0","2.482,0","12,49K","-0,12%"
"04.01.2018","2.497,0","2.509,0","2.529,0","2.489,0","17,75K","-0,52%"
"03.01.2018","2.510,0","2.505,0","2.538,0","2.480,0","14,23K","0,44%"
"29.12.2017","2.499,0","2.458,0","2.507,0","2.441,0","16,96K","1,46%"
"28.12.2017","2.463,0","2.497,0","2.507,0","2.450,0","29,16K","-1,48%"
"27.12.2017","2.500,0","2.489,0","2.500,0","2.451,0","27,25K","1,01%"
"26.12.2017","2.475,0","2.501,0","2.514,0","2.435,0","18,65K","-0,68%"
"25.12.2017","2.492,0","2.509,0","2.516,0","2.486,0","7,53K","-0,04%"
"22.12.2017","2.493,0","2.500,0","2.523,0","2.470,0","25,51K","-0,28%"
"21.12.2017","2.500,0","2.547,0","2.573,0","2.480,0","26,97K","-1,73%"
"20.12.2017","2.544,0","2.540,0","2.559,0","2.493,0","41,17K","-0,78%"
"19.12.2017","2.564,0","2.560,0","2.576,0","2.519,0","22,57K","0,87%"
"18.12.2017","2.542,0","2.555,0","2.592,0","2.525,0","17,31K","-0,43%"
"15.12.2017","2.553,0","2.585,0","2.598,0","2.545,0","23,23K","-0,31%"
"14.12.2017","2.561,0","2.546,0","2.590,0","2.546,0","24,28K","-0,12%"
"13.12.2017","2.564,0","2.548,0","2.572,0","2.524,0","24,84K","0,55%"
"12.12.2017","2.550,0","2.580,0","2.590,0","2.512,0","12,87K","0,16%"
"11.12.2017","2.546,0","2.505,0","2.559,0","2.483,0","21,15K","1,64%"
"08.12.2017","2.505,0","2.508,0","2.546,0","2.492,0","21,00K","-0,24%"
"07.12.2017","2.511,0","2.521,0","2.562,0","2.503,0","20,52K","-1,26%"
"06.12.2017","2.543,0","2.457,0","2.552,0","2.426,0","41,16K","3,84%"
"05.12.2017","2.449,0","2.458,0","2.464,0","2.429,0","38,81K","-0,85%"
"04.12.2017","2.470,0","2.484,0","2.484,0","2.452,0","28,47K","0,20%"
"01.12.2017","2.465,0","2.477,0","2.489,0","2.451,0","11,81K","-0,20%"
"30.11.2017","2.470,0","2.464,0","2.488,0","2.448,0","21,39K","-0,08%"
"29.11.2017","2.472,0","2.494,0","2.494,0","2.455,0","13,75K","-0,64%"
"28.11.2017","2.488,0","2.478,0","2.507,0","2.447,0","19,38K","0,61%"
"27.11.2017","2.473,0","2.487,0","2.495,0","2.457,0","30,97K","-0,92%"
"24.11.2017","2.496,0","2.493,0","2.539,0","2.493,0","17,24K","-0,56%"
"23.11.2017","2.510,0","2.518,0","2.537,0","2.485,0","53,64K","-1,10%"
"22.11.2017","2.538,0","2.592,0","2.609,0","2.514,0","55,06K","-1,93%"
"21.11.2017","2.588,0","2.566,0","2.605,0","2.566,0","25,93K","0,78%"
"20.11.2017","2.568,0","2.572,0","2.586,0","2.546,0","21,05K","-0,08%"
"17.11.2017","2.570,0","2.535,0","2.575,0","2.494,0","39,97K","0,98%"
"16.11.2017","2.545,0","2.540,0","2.572,0","2.490,0","76,69K","0,43%"
"15.11.2017","2.534,0","2.538,0","2.562,0","2.509,0","60,58K","-0,12%"
"14.11.2017","2.537,0","2.491,0","2.540,0","2.450,0","63,49K","2,88%"
"13.11.2017","2.466,0","2.445,0","2.473,0","2.436,0","44,51K","1,40%"
"10.11.2017","2.432,0","2.446,0","2.459,0","2.405,0","36,56K","0,08%"
"09.11.2017","2.430,0","2.452,0","2.464,0","2.428,0","27,43K","-0,74%"
"08.11.2017","2.448,0","2.467,0","2.485,0","2.441,0","40,85K","-0,24%"
"07.11.2017","2.454,0","2.404,0","2.465,0","2.403,0","73,92K","2,72%"
"03.11.2017","2.389,0","2.344,0","2.409,0","2.330,0","53,48K","2,27%"
"02.11.2017","2.336,0","2.330,0","2.345,0","2.317,0","10,41K","0,47%"
"01.11.2017","2.325,0","2.322,0","2.349,0","2.316,0","17,18K","-0,64%"
"31.10.2017","2.340,0","2.323,0","2.340,0","2.310,0","15,67K","0,78%"
"30.10.2017","2.322,0","2.310,0","2.337,0","2.285,0","14,89K","1,26%"
"27.10.2017","2.293,0","2.281,0","2.316,0","2.261,0","66,87K","1,19%"
"26.10.2017","2.266,0","2.273,0","2.280,0","2.252,0","41,94K","-0,40%"
"25.10.2017","2.275,0","2.274,0","2.299,0","2.266,0","20,98K","0,22%"
"24.10.2017","2.270,0","2.280,0","2.286,0","2.255,0","25,25K","-0,26%"
"23.10.2017","2.276,0","2.303,0","2.335,0","2.263,0","36,80K","-1,60%"
"20.10.2017","2.313,0","2.305,0","2.329,0","2.272,0","34,85K","-0,39%"
"19.10.2017","2.322,0","2.354,0","2.355,0","2.305,0","23,09K","-0,77%"
"18.10.2017","2.340,0","2.331,0","2.345,0","2.302,0","27,45K","0,39%"
"17.10.2017","2.331,0","2.356,0","2.356,0","2.322,0","19,75K","-0,55%"
"16.10.2017","2.344,0","2.341,0","2.361,0","2.321,0","19,93K","0,39%"
"13.10.2017","2.335,0","2.360,0","2.360,0","2.321,0","20,22K","-0,89%"
"12.10.2017","2.356,0","2.360,0","2.371,0","2.333,0","31,61K","-0,93%"
"11.10.2017","2.378,0","2.371,0","2.389,0","2.359,0","27,76K","0,00%"
"10.10.2017","2.378,0","2.396,0","2.420,0","2.370,0","11,04K","-0,67%"
"09.10.2017","2.394,0","2.376,0","2.403,0","2.368,0","24,96K","1,10%"
"06.10.2017","2.368,0","2.364,0","2.375,0","2.353,0","14,77K","0,42%"
"05.10.2017","2.358,0","2.365,0","2.365,0","2.343,0","16,19K","0,26%"
"04.10.2017","2.352,0","2.351,0","2.379,0","2.350,0","12,80K","-0,08%"
"03.10.2017","2.354,0","2.352,0","2.370,0","2.352,0","25,04K","0,09%"
"02.10.2017","2.352,0","2.334,0","2.358,0","2.318,0","13,12K","1,16%"
"29.09.2017","2.325,0","2.340,0","2.350,0","2.325,0","11,82K","-0,64%"
"28.09.2017","2.340,0","2.350,0","2.373,0","2.340,0","6,45K","-0,47%"
"27.09.2017","2.351,0","2.359,0","2.376,0","2.341,0","7,30K","-0,04%"
"26.09.2017","2.352,0","2.350,0","2.360,0","2.345,0","14,95K","0,04%"
"25.09.2017","2.351,0","2.359,0","2.360,0","2.330,0","20,49K","0,26%"
"22.09.2017","2.345,0","2.341,0","2.365,0","2.302,0","44,82K","0,26%"
"21.09.2017","2.339,0","2.339,0","2.369,0","2.332,0","22,50K","0,39%"
"20.09.2017","2.330,0","2.357,0","2.361,0","2.325,0","22,07K","-0,64%"
"19.09.2017","2.345,0","2.368,0","2.368,0","2.330,0","9,85K","0,00%"
"18.09.2017","2.345,0","2.356,0","2.383,0","2.335,0","20,96K","-0,34%"
"15.09.2017","2.353,0","2.334,0","2.353,0","2.321,0","19,11K","0,86%"
"14.09.2017","2.333,0","2.318,0","2.348,0","2.308,0","11,97K","0,78%"
"13.09.2017","2.315,0","2.299,0","2.350,0","2.296,0","40,53K","1,09%"
"12.09.2017","2.290,0","2.273,0","2.299,0","2.267,0","17,97K","0,88%"
"11.09.2017","2.270,0","2.277,0","2.297,0","2.256,0","25,76K","-0,31%"
"08.09.2017","2.277,0","2.279,0","2.296,0","2.265,0","14,44K","-0,13%"
"07.09.2017","2.280,0","2.305,0","2.312,0","2.272,0","18,62K","-1,00%"
"06.09.2017","2.303,0","2.286,0","2.313,0","2.273,0","24,48K","0,57%"
"05.09.2017","2.290,0","2.314,0","2.327,0","2.272,0","22,86K","-0,91%"
"04.09.2017","2.311,0","2.349,0","2.354,0","2.298,0","17,56K","-1,07%"
"01.09.2017","2.336,0","2.303,0","2.345,0","2.289,0","20,61K","1,43%"
"31.08.2017","2.303,0","2.330,0","2.375,0","2.297,0","48,56K","-1,07%"
"30.08.2017","2.328,0","2.377,0","2.388,0","2.315,0","43,49K","-1,61%"
"29.08.2017","2.366,0","2.410,0","2.410,0","2.354,0","39,90K","-1,05%"
"28.08.2017","2.391,0","2.410,0","2.424,0","2.383,0","12,76K","-0,99%"
"25.08.2017","2.415,0","2.378,0","2.425,0","2.378,0","16,08K","0,58%"
"24.08.2017","2.401,0","2.428,0","2.437,0","2.383,0","18,83K","-1,19%"
"23.08.2017","2.430,0","2.433,0","2.437,0","2.407,0","12,20K","0,45%"
"22.08.2017","2.419,0","2.441,0","2.449,0","2.407,0","26,32K","-0,86%"
"21.08.2017","2.440,0","2.412,0","2.445,0","2.409,0","13,73K","1,54%"
"18.08.2017","2.403,0","2.374,0","2.431,0","2.360,0","21,25K","0,33%"
"17.08.2017","2.395,0","2.401,0","2.406,0","2.372,0","9,73K","-0,08%"
"16.08.2017","2.397,0","2.417,0","2.424,0","2.386,0","29,78K","-0,83%"
"15.08.2017","2.417,0","2.436,0","2.459,0","2.399,0","18,69K","-0,49%"
"14.08.2017","2.429,0","2.420,0","2.453,0","2.420,0","32,53K","0,21%"
"11.08.2017","2.424,0","2.420,0","2.443,0","2.391,0","21,07K","0,08%"
"10.08.2017","2.422,0","2.429,0","2.456,0","2.417,0","13,02K","0,08%"
"09.08.2017","2.420,0","2.415,0","2.450,0","2.400,0","15,63K","0,41%"
"08.08.2017","2.410,0","2.380,0","2.425,0","2.371,0","20,22K","1,26%"
"07.08.2017","2.380,0","2.370,0","2.397,0","2.358,0","13,26K","0,13%"
"04.08.2017","2.377,0","2.365,0","2.377,0","2.357,0","18,26K","-0,29%"
"03.08.2017","2.384,0","2.408,0","2.408,0","2.350,0","9,38K","-0,46%"
"02.08.2017","2.395,0","2.361,0","2.398,0","2.361,0","16,31K","1,91%"
"01.08.2017","2.350,0","2.378,0","2.405,0","2.350,0","13,48K","-1,47%"
"31.07.2017","2.385,0","2.364,0","2.393,0","2.351,0","15,88K","1,15%"
"28.07.2017","2.358,0","2.405,0","2.405,0","2.327,0","27,00K","-1,30%"
"27.07.2017","2.389,0","2.423,0","2.423,0","2.383,0","12,37K","-0,67%"
"26.07.2017","2.405,0","2.400,0","2.425,0","2.384,0","19,04K","0,33%"
"25.07.2017","2.397,0","2.382,0","2.415,0","2.382,0","20,25K","-0,54%"
"24.07.2017","2.410,0","2.370,0","2.420,0","2.364,0","14,10K","0,84%"
"21.07.2017","2.390,0","2.389,0","2.407,0","2.356,0","35,57K","0,67%"
"20.07.2017","2.374,0","2.345,0","2.394,0","2.345,0","33,25K","0,76%"
"19.07.2017","2.356,0","2.341,0","2.371,0","2.337,0","22,50K","0,17%"
"18.07.2017","2.352,0","2.331,0","2.367,0","2.331,0","26,70K","0,77%"
"17.07.2017","2.334,0","2.359,0","2.361,0","2.321,0","31,15K","-0,30%"
"14.07.2017","2.341,0","2.352,0","2.374,0","2.337,0","16,72K","-0,85%"
"13.07.2017","2.361,0","2.371,0","2.391,0","2.337,0","43,60K","-0,08%"
"12.07.2017","2.363,0","2.382,0","2.387,0","2.344,0","29,18K","-0,13%"
"11.07.2017","2.366,0","2.386,0","2.410,0","2.352,0","25,74K","-0,67%"
"10.07.2017","2.382,0","2.387,0","2.447,0","2.332,0","14,53K","0,13%"
"07.07.2017","2.379,0","2.351,0","2.396,0","2.343,0","16,12K","1,02%"
"06.07.2017","2.355,0","2.358,0","2.413,0","2.314,0","30,00K","1,20%"
"05.07.2017","2.327,0","2.315,0","2.350,0","2.307,0","19,25K","0,52%"
"04.07.2017","2.315,0","2.254,0","2.326,0","2.254,0","21,05K","1,76%"
"03.07.2017","2.275,0","2.290,0","2.307,0","2.251,0","29,72K","-1,13%"
"30.06.2017","2.301,0","2.299,0","2.320,0","2.255,0","10,35K","1,01%"
"29.06.2017","2.278,0","2.303,0","2.335,0","2.260,0","17,96K","-1,17%"
"28.06.2017","2.305,0","2.280,0","2.327,0","2.251,0","27,38K","0,66%"
"27.06.2017","2.290,0","2.304,0","2.327,0","2.270,0","26,11K","-1,46%"
"26.06.2017","2.324,0","2.370,0","2.392,0","2.306,0","26,58K","-1,48%"
"23.06.2017","2.359,0","2.320,0","2.379,0","2.316,0","19,12K","0,64%"
"22.06.2017","2.344,0","2.322,0","2.350,0","2.282,0","19,60K","0,86%"
"21.06.2017","2.324,0","2.300,0","2.350,0","2.289,0","25,56K","0,69%"
"20.06.2017","2.308,0","2.253,0","2.319,0","2.240,0","55,19K","2,81%"
"19.06.2017","2.245,0","2.183,0","2.264,0","2.182,0","50,89K","1,68%"
"16.06.2017","2.208,0","2.153,0","2.221,0","2.142,0","52,53K","0,23%"
"15.06.2017","2.203,0","2.161,0","2.205,0","2.124,0","122,75K","1,57%"
"14.06.2017","2.169,0","2.200,0","2.227,0","2.151,0","45,09K","-1,41%"
"13.06.2017","2.200,0","2.250,0","2.260,0","2.186,0","64,41K","-2,65%"
"09.06.2017","2.260,0","2.250,0","2.288,0","2.234,0","27,40K","0,00%"
"08.06.2017","2.260,0","2.270,0","2.280,0","2.249,0","33,31K","-0,66%"
"07.06.2017","2.275,0","2.259,0","2.280,0","2.249,0","36,65K","0,49%"
"06.06.2017","2.264,0","2.272,0","2.280,0","2.247,0","18,90K","-0,13%"
"05.06.2017","2.267,0","2.274,0","2.319,0","2.244,0","35,21K","-0,09%"
"02.06.2017","2.269,0","2.299,0","2.299,0","2.232,0","81,83K","-1,26%"
"01.06.2017","2.298,0","2.345,0","2.345,0","2.292,0","39,77K","-0,39%"
"31.05.2017","2.307,0","2.322,0","2.358,0","2.307,0","23,74K","-0,39%"
"30.05.2017","2.316,0","2.339,0","2.353,0","2.300,0","32,21K","-0,52%"
"29.05.2017","2.328,0","2.357,0","2.395,0","2.317,0","25,66K","-1,15%"
"26.05.2017","2.355,0","2.311,0","2.369,0","2.302,0","46,49K","1,38%"
"25.05.2017","2.323,0","2.301,0","2.345,0","2.291,0","30,16K","1,00%"
"24.05.2017","2.300,0","2.340,0","2.350,0","2.300,0","19,63K","-1,37%"
"23.05.2017","2.332,0","2.327,0","2.345,0","2.298,0","43,40K","0,65%"
"22.05.2017","2.317,0","2.349,0","2.351,0","2.300,0","54,98K","-1,28%"
"19.05.2017","2.347,0","2.411,0","2.427,0","2.320,0","36,42K","-2,21%"
"18.05.2017","2.400,0","2.351,0","2.417,0","2.322,0","52,91K","1,01%"
"17.05.2017","2.376,0","2.390,0","2.428,0","2.368,0","39,60K","-0,63%"
"16.05.2017","2.391,0","2.381,0","2.409,0","2.320,0","34,42K","1,10%"
"15.05.2017","2.365,0","2.398,0","2.398,0","2.311,0","34,60K","-0,80%"
"12.05.2017","2.384,0","2.398,0","2.400,0","2.351,0","26,96K","-0,42%"
"11.05.2017","2.394,0","2.474,0","2.496,0","2.387,0","42,35K","-3,43%"
"10.05.2017","2.479,0","2.465,0","2.516,0","2.441,0","36,05K","1,47%"
"05.05.2017","2.443,0","2.411,0","2.454,0","2.411,0","34,10K","0,49%"
"04.05.2017","2.431,0","2.400,0","2.459,0","2.390,0","29,31K","1,38%"
"03.05.2017","2.398,0","2.419,0","2.454,0","2.382,0","28,69K","-0,04%"
"02.05.2017","2.399,0","2.432,0","2.470,0","2.382,0","67,29K","-0,66%"
"28.04.2017","2.415,0","2.423,0","2.469,0","2.380,0","37,69K","-0,33%"
"27.04.2017","2.423,0","2.448,0","2.459,0","2.391,0","53,58K","-0,45%"
"26.04.2017","2.434,0","2.399,0","2.446,0","2.369,0","45,98K","2,44%"
"25.04.2017","2.376,0","2.306,0","2.400,0","2.306,0","55,73K","2,55%"
"24.04.2017","2.317,0","2.331,0","2.360,0","2.301,0","50,96K","0,48%"
"21.04.2017","2.306,0","2.299,0","2.315,0","2.263,0","27,61K","1,99%"
"20.04.2017","2.261,0","2.251,0","2.294,0","2.237,0","61,51K","-0,66%"
"19.04.2017","2.276,0","2.290,0","2.304,0","2.230,0","41,75K","-0,13%"
"18.04.2017","2.279,0","2.319,0","2.348,0","2.261,0","44,74K","-1,68%"
"17.04.2017","2.318,0","2.290,0","2.361,0","2.263,0","20,59K","1,18%"
"14.04.2017","2.291,0","2.304,0","2.313,0","2.291,0","6,16K","-1,42%"
"13.04.2017","2.324,0","2.320,0","2.336,0","2.288,0","48,57K","-0,51%"
"12.04.2017","2.336,0","2.390,0","2.424,0","2.318,0","47,74K","-2,63%"
"11.04.2017","2.399,0","2.350,0","2.403,0","2.315,0","36,42K","1,22%"
"10.04.2017","2.370,0","2.447,0","2.447,0","2.305,0","43,87K","-2,27%"
"07.04.2017","2.425,0","2.415,0","2.430,0","2.385,0","23,39K","0,62%"
"06.04.2017","2.410,0","2.390,0","2.438,0","2.390,0","18,32K","0,50%"
"05.04.2017","2.398,0","2.372,0","2.426,0","2.372,0","24,55K","1,22%"
"04.04.2017","2.369,0","2.376,0","2.401,0","2.369,0","17,10K","-0,50%"
"03.04.2017","2.381,0","2.354,0","2.400,0","2.333,0","15,25K","0,63%"
"31.03.2017","2.366,0","2.395,0","2.422,0","2.355,0","12,52K","-1,78%"
"30.03.2017","2.409,0","2.410,0","2.436,0","2.388,0","20,98K","-0,62%"
"29.03.2017","2.424,0","2.337,0","2.438,0","2.337,0","68,89K","3,28%"
"28.03.2017","2.347,0","2.350,0","2.369,0","2.252,0","70,45K","0,82%"
"27.03.2017","2.328,0","2.400,0","2.400,0","2.310,0","22,00K","-2,31%"
"24.03.2017","2.383,0","2.419,0","2.419,0","2.380,0","5,79K","-0,87%"
"23.03.2017","2.404,0","2.420,0","2.454,0","2.395,0","14,18K","-0,04%"
"22.03.2017","2.405,0","2.341,0","2.409,0","2.301,0","49,88K","0,67%"
"21.03.2017","2.389,0","2.350,0","2.416,0","2.350,0","33,65K","1,27%"
"20.03.2017","2.359,0","2.390,0","2.442,0","2.357,0","22,59K","-1,34%"
"17.03.2017","2.391,0","2.375,0","2.425,0","2.341,0","37,23K","0,89%"
"16.03.2017","2.370,0","2.377,0","2.393,0","2.352,0","57,61K","1,37%"
"15.03.2017","2.338,0","2.400,0","2.421,0","2.338,0","37,66K","-2,26%"
"14.03.2017","2.392,0","2.319,0","2.417,0","2.298,0","92,27K","3,82%"
"13.03.2017","2.304,0","2.303,0","2.364,0","2.205,0","34,45K","0,22%"
"10.03.2017","2.299,0","2.351,0","2.399,0","2.284,0","130,29K","-3,57%"
"09.03.2017","2.384,0","2.408,0","2.429,0","2.301,0","166,82K","-3,09%"
"07.03.2017","2.460,0","2.448,0","2.467,0","2.401,0","38,98K","0,65%"
"06.03.2017","2.444,0","2.420,0","2.458,0","2.420,0","20,36K","0,95%"
"03.03.2017","2.421,0","2.445,0","2.475,0","2.402,0","60,50K","-1,63%"
"02.03.2017","2.461,0","2.470,0","2.500,0","2.418,0","44,31K","0,78%"
"01.03.2017","2.442,0","2.445,0","2.515,0","2.403,0","54,47K","1,75%"
"28.02.2017","2.400,0","2.490,0","2.515,0","1.729,0","194,42K","-3,26%"
"27.02.2017","2.481,0","2.495,0","2.512,0","2.468,0","50,93K","-0,76%"
"24.02.2017","2.500,0","2.560,0","2.590,0","2.490,0","40,50K","-3,03%"
"22.02.2017","2.578,0","2.583,0","2.598,0","2.555,0","33,06K","0,43%"
"21.02.2017","2.567,0","2.577,0","2.585,0","2.552,0","60,53K","-0,12%"
"20.02.2017","2.570,0","2.560,0","2.620,0","2.546,0","110,90K","0,86%"
"17.02.2017","2.548,0","2.558,0","2.568,0","2.530,0","67,76K","0,31%"
"16.02.2017","2.540,0","2.517,0","2.550,0","2.478,0","32,39K","1,03%"
"15.02.2017","2.514,0","2.500,0","2.548,0","2.455,0","71,55K","1,37%"
"14.02.2017","2.480,0","2.546,0","2.548,0","2.450,0","99,60K","-1,98%"
"13.02.2017","2.530,0","2.564,0","2.569,0","2.518,0","46,80K","-0,63%"
"10.02.2017","2.546,0","2.547,0","2.574,0","2.534,0","86,22K","0,95%"
"09.02.2017","2.522,0","2.700,0","2.708,0","2.522,0","758,01K","-6,59%"
"08.02.2017","2.700,0","2.782,0","2.796,0","2.650,0","50,23K","-2,17%"
"07.02.2017","2.760,0","2.758,0","2.789,0","2.748,0","25,12K","0,15%"
"06.02.2017","2.756,0","2.835,0","2.878,0","2.730,0","27,23K","-2,79%"
"03.02.2017","2.835,0","2.886,0","2.895,0","2.808,0","29,20K","-1,97%"
"02.02.2017","2.892,0","2.860,0","2.925,0","2.852,0","35,46K","1,47%"
"01.02.2017","2.850,0","2.879,0","2.899,0","2.824,0","20,36K","0,04%"
"31.01.2017","2.849,0","2.872,0","2.935,0","2.823,0","29,71K","-0,49%"
"30.01.2017","2.863,0","2.851,0","3.048,0","2.780,0","27,88K","0,10%"
"27.01.2017","2.860,0","2.805,0","2.869,0","2.780,0","33,22K","2,18%"
"26.01.2017","2.799,0","2.795,0","2.809,0","2.761,0","12,07K","-0,71%"
"25.01.2017","2.819,0","2.780,0","2.819,0","2.753,0","51,97K","1,88%"
"24.01.2017","2.767,0","2.736,0","2.785,0","2.717,0","13,65K","1,13%"
"23.01.2017","2.736,0","2.767,0","2.794,0","2.727,0","16,05K","-0,83%"
"20.01.2017","2.759,0","2.744,0","2.798,0","2.735,0","22,69K","1,40%"
"19.01.2017","2.721,0","2.767,0","2.790,0","2.721,0","25,12K","-1,27%"
"18.01.2017","2.756,0","2.734,0","2.827,0","2.706,0","48,72K","0,77%"
"17.01.2017","2.735,0","2.758,0","2.787,0","2.695,0","27,12K","-0,83%"
"16.01.2017","2.758,0","2.743,0","2.862,0","2.710,0","49,44K","1,43%"
"13.01.2017","2.719,0","2.760,0","2.900,0","2.705,0","34,52K","-1,13%"
"12.01.2017","2.750,0","2.760,0","2.837,0","2.729,0","57,52K","-0,18%"
"11.01.2017","2.755,0","2.643,0","2.950,0","2.612,0","42,66K","5,03%"
"10.01.2017","2.623,0","2.620,0","2.650,0","2.603,0","7,35K","0,58%"
"09.01.2017","2.608,0","2.598,0","2.619,0","2.561,0","5,86K","1,16%"
"06.01.2017","2.578,0","2.571,0","2.592,0","2.552,0","3,57K","0,12%"
"05.01.2017","2.575,0","2.614,0","2.650,0","2.552,0","14,79K","-1,23%"
"04.01.2017","2.607,0","2.600,0","2.620,0","2.593,0","5,65K","0,54%"
"03.01.2017","2.593,0","2.600,0","2.626,0","2.581,0","17,42K","-0,23%"
"30.12.2016","2.599,0","2.563,0","2.599,0","2.547,0","8,68K","1,88%"
"29.12.2016","2.551,0","2.550,0","2.558,0","2.526,0","13,30K","0,43%"
"28.12.2016","2.540,0","2.543,0","2.560,0","2.536,0","6,74K","-0,55%"
"27.12.2016","2.554,0","2.536,0","2.592,0","2.536,0","2,57K","-0,12%"
"26.12.2016","2.557,0","2.540,0","2.598,0","2.531,0","3,72K","0,27%"
"23.12.2016","2.550,0","2.502,0","2.594,0","2.493,0","12,54K","1,67%"
"22.12.2016","2.508,0","2.500,0","2.575,0","2.471,0","38,39K","0,68%"
"21.12.2016","2.491,0","2.530,0","2.533,0","2.485,0","13,72K","-0,76%"
"20.12.2016","2.510,0","2.530,0","2.548,0","2.498,0","16,70K","-0,63%"
"19.12.2016","2.526,0","2.582,0","2.589,0","2.476,0","7,79K","-2,85%"
"16.12.2016","2.600,0","2.580,0","2.600,0","2.543,0","12,88K","0,97%"
"15.12.2016","2.575,0","2.573,0","2.590,0","2.553,0","23,00K","0,19%"
"14.12.2016","2.570,0","2.577,0","2.584,0","2.532,0","5,49K","0,39%"
"13.12.2016","2.560,0","2.534,0","2.571,0","2.526,0","7,86K","0,91%"
"12.12.2016","2.537,0","2.603,0","2.629,0","2.514,0","10,57K","-2,54%"
"09.12.2016","2.603,0","2.638,0","2.638,0","2.596,0","7,06K","-0,95%"
"08.12.2016","2.628,0","2.650,0","2.650,0","2.616,0","2,56K","-0,15%"
"07.12.2016","2.632,0","2.657,0","2.667,0","2.621,0","6,88K","0,11%"
"06.12.2016","2.629,0","2.585,0","2.673,0","2.583,0","13,02K","1,62%"
"05.12.2016","2.587,0","2.583,0","2.598,0","2.562,0","4,15K","0,86%"
"02.12.2016","2.565,0","2.581,0","2.597,0","2.545,0","7,28K","-0,31%"
"01.12.2016","2.573,0","2.555,0","2.697,0","2.534,0","19,46K","0,82%"
"30.11.2016","2.552,0","2.535,0","2.583,0","2.502,0","8,49K","0,39%"
"29.11.2016","2.542,0","2.581,0","2.586,0","2.527,0","4,90K","-1,43%"
"28.11.2016","2.579,0","2.542,0","2.592,0","2.542,0","3,14K","0,47%"
"25.11.2016","2.567,0","2.571,0","2.590,0","2.522,0","5,72K","-0,31%"
"24.11.2016","2.575,0","2.582,0","2.601,0","2.560,0","4,11K","-0,54%"
"23.11.2016","2.589,0","2.531,0","2.600,0","2.530,0","8,91K","1,93%"
"22.11.2016","2.540,0","2.547,0","2.561,0","2.505,0","11,02K","0,08%"
"21.11.2016","2.538,0","2.487,0","2.550,0","2.486,0","7,98K","1,85%"
"18.11.2016","2.492,0","2.503,0","2.535,0","2.485,0","6,45K","-0,12%"
"17.11.2016","2.495,0","2.454,0","2.507,0","2.454,0","10,84K","1,67%"
"16.11.2016","2.454,0","2.480,0","2.487,0","2.451,0","5,03K","-0,61%"
"15.11.2016","2.469,0","2.420,0","2.490,0","2.420,0","5,34K","1,19%"
"14.11.2016","2.440,0","2.409,0","2.449,0","2.409,0","6,95K","0,99%"
"11.11.2016","2.416,0","2.380,0","2.450,0","2.340,0","9,82K","1,94%"
"10.11.2016","2.370,0","2.340,0","2.377,0","2.332,0","8,38K","1,28%"
"09.11.2016","2.340,0","2.330,0","2.353,0","2.307,0","2,55K","0,39%"
"08.11.2016","2.331,0","2.246,0","2.356,0","2.246,0","11,42K","3,19%"
"07.11.2016","2.259,0","2.255,0","2.262,0","2.224,0","4,31K","0,40%"
"03.11.2016","2.250,0","2.304,0","2.326,0","2.240,0","7,69K","-1,96%"
"02.11.2016","2.295,0","2.317,0","2.334,0","2.295,0","6,83K","-0,78%"
"01.11.2016","2.313,0","2.369,0","2.369,0","2.290,0","16,46K","-1,99%"
"31.10.2016","2.360,0","2.321,0","2.380,0","2.321,0","4,62K","0,81%"
"28.10.2016","2.341,0","2.353,0","2.360,0","2.331,0","2,71K","-0,51%"
"27.10.2016","2.353,0","2.343,0","2.356,0","2.330,0","3,96K","0,99%"
"26.10.2016","2.330,0","2.313,0","2.335,0","2.285,0","10,46K","1,30%"
"25.10.2016","2.300,0","2.303,0","2.345,0","2.283,0","17,71K","0,39%"
"24.10.2016","2.291,0","2.235,0","2.293,0","2.210,0","17,28K","2,97%"
"21.10.2016","2.225,0","2.240,0","2.284,0","2.200,0","33,36K","-0,67%"
"20.10.2016","2.240,0","2.369,0","2.369,0","2.195,0","31,54K","-4,96%"
"19.10.2016","2.357,0","2.416,0","2.417,0","2.351,0","7,84K","-2,20%"
"18.10.2016","2.410,0","2.403,0","2.440,0","2.399,0","4,34K","-0,37%"
"17.10.2016","2.419,0","2.420,0","2.434,0","2.411,0","1,77K","-0,04%"
"14.10.2016","2.420,0","2.412,0","2.439,0","2.412,0","1,58K","-0,37%"
"13.10.2016","2.429,0","2.418,0","2.448,0","2.388,0","7,57K","-0,70%"
"12.10.2016","2.446,0","2.431,0","2.446,0","2.411,0","5,60K","0,58%"
"11.10.2016","2.432,0","2.427,0","2.440,0","2.418,0","3,22K","0,37%"
"10.10.2016","2.423,0","2.406,0","2.445,0","2.406,0","2,37K","0,08%"
"07.10.2016","2.421,0","2.441,0","2.448,0","2.409,0","4,59K","-0,74%"
"06.10.2016","2.439,0","2.439,0","2.448,0","2.430,0","1,88K","-0,04%"
"05.10.2016","2.440,0","2.446,0","2.450,0","2.421,0","5,91K","-0,73%"
"04.10.2016","2.458,0","2.446,0","2.458,0","2.416,0","5,94K","0,20%"
"03.10.2016","2.453,0","2.490,0","2.491,0","2.442,0","8,63K","-1,49%"
"30.09.2016","2.490,0","2.528,0","2.528,0","2.460,0","8,24K","-1,35%"
"29.09.2016","2.524,0","2.548,0","2.548,0","2.484,0","11,01K","-0,43%"
"28.09.2016","2.535,0","2.545,0","2.560,0","2.526,0","5,82K","-0,43%"
"27.09.2016","2.546,0","2.560,0","2.569,0","2.532,0","3,28K","-0,55%"
"26.09.2016","2.560,0","2.542,0","2.575,0","2.531,0","5,06K","0,51%"
"23.09.2016","2.547,0","2.586,0","2.587,0","2.531,0","10,90K","-1,01%"
"22.09.2016","2.573,0","2.601,0","2.617,0","2.569,0","9,01K","-1,00%"
"21.09.2016","2.599,0","2.570,0","2.600,0","2.561,0","7,63K","1,13%"
"20.09.2016","2.570,0","2.558,0","2.588,0","2.558,0","2,49K","0,04%"
"19.09.2016","2.569,0","2.553,0","2.570,0","2.545,0","2,35K","0,71%"
"16.09.2016","2.551,0","2.547,0","2.558,0","2.537,0","1,79K","0,16%"
"15.09.2016","2.547,0","2.549,0","2.558,0","2.530,0","2,31K","0,00%"
"14.09.2016","2.547,0","2.538,0","2.557,0","2.537,0","1,23K","0,00%"
"13.09.2016","2.547,0","2.554,0","2.557,0","2.540,0","6,89K","-0,24%"
"12.09.2016","2.553,0","2.582,0","2.582,0","2.515,0","4,42K","-1,24%"
"09.09.2016","2.585,0","2.553,0","2.585,0","2.551,0","3,55K","0,86%"
"08.09.2016","2.563,0","2.585,0","2.588,0","2.480,0","5,99K","-0,89%"
"07.09.2016","2.586,0","2.600,0","2.601,0","2.577,0","2,66K","-0,27%"
"06.09.2016","2.593,0","2.604,0","2.610,0","2.581,0","5,78K","-0,35%"
"05.09.2016","2.602,0","2.593,0","2.608,0","2.585,0","4,47K","0,42%"
"02.09.2016","2.591,0","2.593,0","2.595,0","2.580,0","2,00K","0,23%"
"01.09.2016","2.585,0","2.581,0","2.601,0","2.581,0","5,05K","-0,04%"
"31.08.2016","2.586,0","2.578,0","2.595,0","2.543,0","8,00K","0,47%"
"30.08.2016","2.574,0","2.582,0","2.582,0","2.554,0","3,42K","0,19%"
"29.08.2016","2.569,0","2.579,0","2.585,0","2.569,0","1,96K","-0,08%"
"26.08.2016","2.571,0","2.584,0","2.610,0","2.566,0","5,39K","-0,35%"
"25.08.2016","2.580,0","2.597,0","2.600,0","2.561,0","2,75K","-0,23%"
"24.08.2016","2.586,0","2.599,0","2.600,0","2.584,0","2,42K","-0,50%"
"23.08.2016","2.599,0","2.600,0","2.617,0","2.590,0","2,53K","0,08%"
"22.08.2016","2.597,0","2.596,0","2.603,0","2.579,0","6,80K","0,50%"
"19.08.2016","2.584,0","2.581,0","2.595,0","2.571,0","3,82K","0,16%"
"18.08.2016","2.580,0","2.631,0","2.631,0","2.555,0","18,06K","-1,56%"
"17.08.2016","2.621,0","2.643,0","2.643,0","2.605,0","14,01K","-0,57%"
"16.08.2016","2.636,0","2.652,0","2.664,0","2.635,0","5,85K","-0,75%"
"15.08.2016","2.656,0","2.679,0","2.679,0","2.650,0","2,47K","-0,26%"
"12.08.2016","2.663,0","2.654,0","2.669,0","2.643,0","3,06K","0,23%"
"11.08.2016","2.657,0","2.656,0","2.665,0","2.641,0","5,47K","-0,15%"
"10.08.2016","2.661,0","2.661,0","2.680,0","2.640,0","6,27K","-0,34%"
"09.08.2016","2.670,0","2.670,0","2.674,0","2.515,0","15,65K","-1,87%"
"08.08.2016","2.721,0","2.728,0","2.735,0","2.705,0","15,37K","0,00%"
"05.08.2016","2.721,0","2.732,0","2.735,0","2.707,0","12,20K","-0,22%"
"04.08.2016","2.727,0","2.720,0","2.734,0","2.706,0","6,72K","-0,07%"
"03.08.2016","2.729,0","2.715,0","2.735,0","2.707,0","4,37K","0,55%"
"02.08.2016","2.714,0","2.713,0","2.729,0","2.705,0","4,04K","-0,29%"
"01.08.2016","2.722,0","2.730,0","2.734,0","2.704,0","3,66K","0,26%"
"29.07.2016","2.715,0","2.705,0","2.731,0","2.704,0","6,31K","0,56%"
"28.07.2016","2.700,0","2.693,0","2.736,0","2.693,0","5,50K","0,37%"
"27.07.2016","2.690,0","2.703,0","2.721,0","2.680,0","5,23K","-0,37%"
"26.07.2016","2.700,0","2.660,0","2.714,0","2.646,0","11,07K","1,77%"
"25.07.2016","2.653,0","2.650,0","2.669,0","2.636,0","7,65K","0,15%"
"22.07.2016","2.649,0","2.634,0","2.657,0","2.631,0","8,37K","0,65%"
"21.07.2016","2.632,0","2.642,0","2.654,0","2.622,0","5,40K","-0,49%"
"20.07.2016","2.645,0","2.635,0","2.653,0","2.620,0","4,14K","-0,11%"
"19.07.2016","2.648,0","2.654,0","2.687,0","2.617,0","9,49K","0,00%"
"18.07.2016","2.648,0","2.590,0","2.650,0","2.590,0","9,79K","2,28%"
"15.07.2016","2.589,0","2.537,0","2.589,0","2.515,0","10,89K","2,86%"
"14.07.2016","2.517,0","2.536,0","2.536,0","2.506,0","10,02K","-0,12%"
"13.07.2016","2.520,0","2.541,0","2.548,0","2.501,0","19,77K","-0,59%"
"12.07.2016","2.535,0","2.580,0","2.580,0","2.504,0","29,64K","-1,67%"
"11.07.2016","2.578,0","2.597,0","2.607,0","2.548,0","11,39K","-0,58%"
"08.07.2016","2.593,0","2.636,0","2.636,0","2.560,0","8,81K","-1,26%"
"07.07.2016","2.626,0","2.598,0","2.645,0","2.590,0","3,52K","1,78%"
"06.07.2016","2.580,0","2.659,0","2.672,0","2.579,0","11,22K","-2,60%"
"05.07.2016","2.649,0","2.725,0","2.746,0","2.635,0","13,06K","-2,54%"
"04.07.2016","2.718,0","2.761,0","2.772,0","2.700,0","3,35K","-0,88%"
"01.07.2016","2.742,0","2.769,0","2.777,0","2.742,0","2,44K","-0,98%"
"30.06.2016","2.769,0","2.793,0","2.796,0","2.750,0","2,84K","-0,57%"
"29.06.2016","2.785,0","2.791,0","2.796,0","2.750,0","3,76K","-0,11%"
"28.06.2016","2.788,0","2.709,0","2.789,0","2.709,0","2,90K","0,69%"
"27.06.2016","2.769,0","2.766,0","2.797,0","2.733,0","3,34K","-0,36%"
"24.06.2016","2.779,0","2.700,0","2.799,0","2.675,0","7,95K","1,50%"
"23.06.2016","2.738,0","2.741,0","2.769,0","2.730,0","1,61K","-0,69%"
"22.06.2016","2.757,0","2.752,0","2.781,0","2.751,0","4,47K","-1,04%"
"21.06.2016","2.786,0","2.750,0","2.791,0","2.742,0","2,89K","0,76%"
"20.06.2016","2.765,0","2.791,0","2.791,0","2.750,0","0,91K","-0,90%"
"17.06.2016","2.790,0","2.750,0","2.790,0","2.740,0","3,61K","0,69%"
"16.06.2016","2.771,0","2.731,0","2.794,0","2.731,0","4,95K","1,50%"
"15.06.2016","2.730,0","2.768,0","2.768,0","2.717,0","5,42K","-1,37%"
"14.06.2016","2.768,0","2.750,0","2.769,0","2.743,0","1,33K","0,84%"
"10.06.2016","2.745,0","2.757,0","2.759,0","2.715,0","2,18K","-0,54%"
"09.06.2016","2.760,0","2.776,0","2.799,0","2.737,0","8,65K","-2,30%"
"08.06.2016","2.825,0","2.844,0","2.860,0","2.808,0","6,53K","-0,70%"
"07.06.2016","2.845,0","2.831,0","2.880,0","2.812,0","8,42K","0,18%"
"06.06.2016","2.840,0","2.800,0","2.848,0","2.780,0","4,35K","1,97%"
"03.06.2016","2.785,0","2.782,0","2.822,0","2.740,0","6,38K","0,51%"
"02.06.2016","2.771,0","2.783,0","2.789,0","2.761,0","16,09K","-0,14%"
"01.06.2016","2.775,0","2.875,0","2.901,0","2.770,0","23,92K","-3,65%"
"31.05.2016","2.880,0","2.955,0","2.955,0","2.870,0","10,96K","-2,21%"
"30.05.2016","2.945,0","2.921,0","2.959,0","2.921,0","2,57K","0,99%"
"27.05.2016","2.916,0","2.915,0","2.920,0","2.904,0","12,45K","0,41%"
"26.05.2016","2.904,0","2.905,0","2.928,0","2.894,0","2,63K","-0,62%"
"25.05.2016","2.922,0","2.916,0","2.965,0","2.890,0","12,43K","0,07%"
"24.05.2016","2.920,0","2.895,0","2.940,0","2.881,0","2,27K","0,72%"
"23.05.2016","2.899,0","2.876,0","2.906,0","2.873,0","1,42K","0,38%"
"20.05.2016","2.888,0","2.876,0","2.904,0","2.867,0","2,46K","0,24%"
"19.05.2016","2.881,0","2.885,0","2.900,0","2.855,0","2,92K","-0,28%"
"18.05.2016","2.889,0","2.905,0","2.907,0","2.875,0","1,07K","0,17%"
"17.05.2016","2.884,0","2.898,0","2.902,0","2.865,0","4,05K","0,31%"
"16.05.2016","2.875,0","2.927,0","2.951,0","2.853,0","7,00K","-1,94%"
"13.05.2016","2.932,0","2.940,0","2.948,0","2.892,0","12,81K","3,24%"
"12.05.2016","2.840,0","2.906,0","2.906,0","2.830,0","5,07K","-2,91%"
"11.05.2016","2.925,0","2.898,0","2.941,0","2.897,0","4,12K","1,07%"
"10.05.2016","2.894,0","2.837,0","2.900,0","2.831,0","8,13K","1,69%"
"06.05.2016","2.846,0","2.843,0","2.855,0","2.826,0","1,04K","-0,52%"
"05.05.2016","2.861,0","2.864,0","2.881,0","2.838,0","2,16K","-0,28%"
"04.05.2016","2.869,0","2.829,0","2.894,0","2.814,0","4,54K","1,09%"
"29.04.2016","2.838,0","2.844,0","2.858,0","2.816,0","1,24K","-0,87%"
"28.04.2016","2.863,0","2.851,0","2.872,0","2.841,0","1,03K","0,42%"
"27.04.2016","2.851,0","2.853,0","2.875,0","2.840,0","2,20K","-0,83%"
"26.04.2016","2.875,0","2.890,0","2.890,0","2.851,0","2,22K","0,35%"
"25.04.2016","2.865,0","2.936,0","2.936,0","2.845,0","9,81K","-1,72%"
"22.04.2016","2.915,0","2.950,0","2.957,0","2.870,0","16,82K","-1,09%"
"21.04.2016","2.947,0","2.925,0","2.967,0","2.900,0","12,07K","0,75%"
"20.04.2016","2.925,0","2.867,0","2.950,0","2.836,0","41,69K","2,85%"
"19.04.2016","2.844,0","2.824,0","2.870,0","2.823,0","22,61K","0,21%"
"18.04.2016","2.838,0","2.725,0","2.850,0","2.701,0","13,76K","3,61%"
"15.04.2016","2.739,0","2.714,0","2.796,0","2.714,0","7,51K","0,81%"
"14.04.2016","2.717,0","2.746,0","2.778,0","2.675,0","4,91K","-0,80%"
"13.04.2016","2.739,0","2.710,0","2.754,0","2.682,0","6,56K","1,52%"
"12.04.2016","2.698,0","2.793,0","2.793,0","2.688,0","6,64K","-2,10%"
"11.04.2016","2.756,0","2.780,0","2.800,0","2.722,0","5,11K","-1,18%"
"08.04.2016","2.789,0","2.770,0","2.790,0","2.757,0","1,76K","0,76%"
"07.04.2016","2.768,0","2.785,0","2.800,0","2.767,0","2,39K","-1,00%"
"06.04.2016","2.796,0","2.850,0","2.850,0","2.774,0","3,59K","-1,76%"
"05.04.2016","2.846,0","2.801,0","2.850,0","2.782,0","4,19K","1,68%"
"04.04.2016","2.799,0","2.780,0","2.814,0","2.772,0","2,79K","0,90%"
"01.04.2016","2.774,0","2.788,0","2.810,0","2.760,0","4,72K","-0,93%"
"31.03.2016","2.800,0","2.798,0","2.809,0","2.766,0","3,15K","1,01%"
"30.03.2016","2.772,0","2.820,0","2.828,0","2.751,0","9,31K","-1,35%"
"29.03.2016","2.810,0","2.823,0","2.840,0","2.792,0","4,38K","-0,25%"
"28.03.2016","2.817,0","2.834,0","2.847,0","2.805,0","2,20K","-0,56%"
"25.03.2016","2.833,0","2.829,0","2.856,0","2.812,0","1,49K","0,28%"
"24.03.2016","2.825,0","2.845,0","2.859,0","2.812,0","2,88K","-1,05%"
"23.03.2016","2.855,0","2.860,0","2.878,0","2.837,0","5,22K","0,53%"
"22.03.2016","2.840,0","2.852,0","2.894,0","2.835,0","17,90K","-0,25%"
"21.03.2016","2.847,0","2.860,0","2.861,0","2.795,0","9,80K","0,42%"
"18.03.2016","2.835,0","2.875,0","2.890,0","2.834,0","22,27K","-1,39%"
"17.03.2016","2.875,0","2.872,0","2.890,0","2.847,0","4,28K","0,42%"
"16.03.2016","2.863,0","2.891,0","2.891,0","2.845,0","6,22K","-0,45%"
"15.03.2016","2.876,0","2.859,0","2.895,0","2.840,0","7,01K","1,09%"
"14.03.2016","2.845,0","2.840,0","2.886,0","2.830,0","4,47K","-0,59%"
"11.03.2016","2.862,0","2.863,0","2.885,0","2.806,0","8,41K","0,32%"
"10.03.2016","2.853,0","2.861,0","2.892,0","2.830,0","3,41K","-0,77%"
"09.03.2016","2.875,0","2.900,0","2.900,0","2.809,0","7,86K","-0,52%"
"07.03.2016","2.890,0","2.883,0","2.900,0","2.861,0","1,53K","0,59%"
"04.03.2016","2.873,0","2.880,0","2.924,0","2.822,0","14,77K","-0,45%"
"03.03.2016","2.886,0","2.800,0","2.900,0","2.790,0","13,47K","3,55%"
"02.03.2016","2.787,0","2.839,0","2.870,0","2.780,0","8,36K","-1,80%"
"01.03.2016","2.838,0","2.771,0","2.884,0","2.720,0","35,17K","1,68%"
"29.02.2016","2.791,0","2.675,0","2.791,0","2.662,0","19,08K","4,34%"
"26.02.2016","2.675,0","2.660,0","2.680,0","2.641,0","5,67K","0,94%"
"25.02.2016","2.650,0","2.630,0","2.665,0","2.597,0","11,00K","1,38%"
"24.02.2016","2.614,0","2.640,0","2.640,0","2.601,0","6,17K","-0,98%"
"22.02.2016","2.640,0","2.641,0","2.648,0","2.607,0","2,80K","0,27%"
"20.02.2016","2.633,0","2.608,0","2.640,0","2.602,0","2,04K","0,92%"
"19.02.2016","2.609,0","2.599,0","2.625,0","2.580,0","8,94K","0,58%"
"18.02.2016","2.594,0","2.590,0","2.611,0","2.550,0","11,05K","0,54%"
"17.02.2016","2.580,0","2.576,0","2.608,0","2.567,0","7,44K","0,55%"
"16.02.2016","2.566,0","2.610,0","2.640,0","2.550,0","28,53K","-1,72%"
"15.02.2016","2.611,0","2.679,0","2.679,0","2.600,0","8,09K","-1,88%"
"12.02.2016","2.661,0","2.674,0","2.686,0","2.648,0","5,43K","-0,52%"
"11.02.2016","2.675,0","2.669,0","2.692,0","2.615,0","12,37K","0,19%"
"10.02.2016","2.670,0","2.683,0","2.696,0","2.661,0","3,58K","-0,85%"
"09.02.2016","2.693,0","2.694,0","2.704,0","2.635,0","8,56K","0,30%"
"08.02.2016","2.685,0","2.721,0","2.748,0","2.660,0","7,24K","-0,92%"
"05.02.2016","2.710,0","2.720,0","2.744,0","2.704,0","3,30K","-0,73%"
"04.02.2016","2.730,0","2.761,0","2.761,0","2.684,0","13,73K","-0,69%"
"03.02.2016","2.749,0","2.760,0","2.774,0","2.739,0","3,57K","-0,15%"
"02.02.2016","2.753,0","2.751,0","2.797,0","2.730,0","7,08K","0,22%"
"01.02.2016","2.747,0","2.735,0","2.760,0","2.720,0","8,01K","0,92%"
"29.01.2016","2.722,0","2.712,0","2.736,0","2.674,0","9,80K","0,67%"
"28.01.2016","2.704,0","2.716,0","2.747,0","2.686,0","10,14K","-1,06%"
"27.01.2016","2.733,0","2.715,0","2.743,0","2.667,0","27,12K","0,66%"
"26.01.2016","2.715,0","2.770,0","2.791,0","2.687,0","14,38K","-2,16%"
"25.01.2016","2.775,0","2.811,0","2.834,0","2.733,0","21,20K","-3,07%"
"22.01.2016","2.863,0","2.820,0","2.877,0","2.760,0","40,99K","1,96%"
"21.01.2016","2.808,0","2.730,0","2.815,0","2.730,0","10,45K","2,86%"
"20.01.2016","2.730,0","2.730,0","2.745,0","2.660,0","9,13K","-0,47%"
"19.01.2016","2.743,0","2.702,0","2.775,0","2.702,0","13,39K","2,01%"
"18.01.2016","2.689,0","2.665,0","2.757,0","2.602,0","12,09K","0,90%"
"15.01.2016","2.665,0","2.792,0","2.815,0","2.600,0","21,04K","-4,34%"
"14.01.2016","2.786,0","2.804,0","2.836,0","2.761,0","7,38K","-1,90%"
"13.01.2016","2.840,0","2.822,0","2.853,0","2.820,0","4,99K","0,42%"
"12.01.2016","2.828,0","2.806,0","2.861,0","2.781,0","10,42K","0,64%"
"11.01.2016","2.810,0","2.781,0","2.845,0","2.781,0","7,95K","-0,57%"
"06.01.2016","2.826,0","2.847,0","2.847,0","2.810,0","1,26K","0,36%"
"05.01.2016","2.816,0","2.827,0","2.847,0","2.815,0","3,72K","-0,67%"
"04.01.2016","2.835,0","2.825,0","2.860,0","2.825,0","1,39K","0,50%"